PwsAccountNumberName,CustomerID,DateCreated,DatePosted,DateDue,Terms,BillTo,ShipTo,WebLink,FooterMemo,CustomerReference,ReferenceNumber,BillingPeriod,Element,Quantity,Rate,Amount,Memo,Class,AccountLabel
38563045-465711:Bicycle Transit,C-0147,10/12/20,10/14/20,10/14/20,Due Upon Receipt,SVCS_Bicycle Transit Systems,SVCS_Bicycle Transit Systems,https://portal.pws.bz/,Supplemental Invoice - September 2020,,,10/5/20,VZW 1 GB MRC,48.333,16.5,797.4945,Public Network: 2020/09/01 - 2020/09/30,VZW_742006538_PUB--Verizon Public,41102
38563045-465711:Bicycle Transit,C-0147,10/12/20,10/14/20,10/14/20,Due Upon Receipt,SVCS_Bicycle Transit Systems,SVCS_Bicycle Transit Systems,https://portal.pws.bz/,Supplemental Invoice - September 2020,,,10/5/20,VZW SCHG-FEE,1,8.651607,8.651607,Public Network: 2020/09/01 - 2020/09/30,VZW_742006538_PUB--Verizon Public,41104
77545956-198070:Petasense,C-0878,10/12/20,10/14/20,10/14/20,Due Upon Receipt,SVCS_Petasense Inc,SVCS_Petasense Inc,https://portal.pws.bz/,Supplemental Invoice - September 2020,,,10/5/20,VZW 1 GB MRC,1.405,20,28.1,Private network: 2020/09/01 - 2020/09/30,VZW_742071985_DIA--Verizon DIA,41102
77545956-198070:Petasense,C-0878,10/12/20,10/14/20,10/14/20,Due Upon Receipt,SVCS_Petasense Inc,SVCS_Petasense Inc,https://portal.pws.bz/,Supplemental Invoice - September 2020,,,10/5/20,VZW 1 GB DATA-OVG,2,12,24,Private network: 2020/09/01 - 2020/09/30,VZW_742071985_DIA--Verizon DIA,41103
77545956-198070:Petasense,C-0878,10/12/20,10/14/20,10/14/20,Due Upon Receipt,SVCS_Petasense Inc,SVCS_Petasense Inc,https://portal.pws.bz/,Supplemental Invoice - September 2020,,,10/5/20,VZW SCHG-FEE,1,5.827752,5.827752,Private network: 2020/09/01 - 2020/09/30,VZW_742071985_DIA--Verizon DIA,41104
77545956-198070:Petasense,C-0878,10/12/20,10/14/20,10/14/20,Due Upon Receipt,SVCS_Petasense Inc,SVCS_Petasense Inc,https://portal.pws.bz/,Supplemental Invoice - September 2020,,,10/5/20,VZW 250 MB MRC,2,15,30,Private network: 2020/09/01 - 2020/09/30,VZW_742071985_DIA--Verizon DIA,41102
77545956-198070:Petasense,C-0878,10/12/20,10/14/20,10/14/20,Due Upon Receipt,SVCS_Petasense Inc,SVCS_Petasense Inc,https://portal.pws.bz/,Supplemental Invoice - September 2020,,,10/5/20,VZW SCHG-FEE,1,3.357,3.357,Private network: 2020/09/01 - 2020/09/30,VZW_742071985_DIA--Verizon DIA,41104
77545956-198070:Petasense,C-0878,10/12/20,10/14/20,10/14/20,Due Upon Receipt,SVCS_Petasense Inc,SVCS_Petasense Inc,https://portal.pws.bz/,Supplemental Invoice - September 2020,,,10/5/20,VZW 5 GB MRC,1.703,48,81.744,Private network: 2020/09/01 - 2020/09/30,VZW_742071985_DIA--Verizon DIA,41102
77545956-198070:Petasense,C-0878,10/12/20,10/14/20,10/14/20,Due Upon Receipt,SVCS_Petasense Inc,SVCS_Petasense Inc,https://portal.pws.bz/,Supplemental Invoice - September 2020,,,10/5/20,VZW SCHG-FEE,1,9.1417824,9.1417824,Private network: 2020/09/01 - 2020/09/30,VZW_742071985_DIA--Verizon DIA,41104
48730552-227884:Econolite-Public,C-0375,10/12/20,10/14/20,10/14/20,Due Upon Receipt,SVCS_Econolite,SVCS_Econolite,https://portal.pws.bz/,Supplemental Invoice - September 2020,,,10/5/20,VZW 1 GB MRC,19.935,20,398.7,Public Network: 2020/09/01 - 2020/09/30,VZW_742006538_PUB--Verizon Public,41102
48730552-227884:Econolite-Public,C-0375,10/12/20,10/14/20,10/14/20,Due Upon Receipt,SVCS_Econolite,SVCS_Econolite,https://portal.pws.bz/,Supplemental Invoice - September 2020,,,10/5/20,VZW 1 GB DATA-OVG,-15,12,-180,Public Network: 2020/09/01 - 2020/09/30,VZW_742006538_PUB--Verizon Public,41103
48730552-227884:Econolite-Public,C-0375,10/12/20,10/14/20,10/14/20,Due Upon Receipt,SVCS_Econolite,SVCS_Econolite,https://portal.pws.bz/,Supplemental Invoice - September 2020,,,10/5/20,VZW SMS,8,0.25,2,Public Network: 2020/09/01 - 2020/09/30,VZW_742006538_PUB--Verizon Public,41106
48730552-227884:Econolite-Public,C-0375,10/12/20,10/14/20,10/14/20,Due Upon Receipt,SVCS_Econolite,SVCS_Econolite,https://portal.pws.bz/,Supplemental Invoice - September 2020,,,10/5/20,VZW SCHG-FEE,1,3.568365,3.568365,Public Network: 2020/09/01 - 2020/09/30,VZW_742006538_PUB--Verizon Public,41104
82158979-823650:SupplyPro Inc,C-1131,10/12/20,10/14/20,10/14/20,Due Upon Receipt,"SVCS_Supply Pro, Inc.","SVCS_Supply Pro, Inc.",https://portal.pws.bz/,Supplemental Invoice - September 2020,,,10/5/20,VZW 250 MB MRC,17.195,11,189.145,Private network: 2020/09/01 - 2020/09/30,VZW_742071985_DIA--Verizon DIA,41102
82158979-823650:SupplyPro Inc,C-1131,10/12/20,10/14/20,10/14/20,Due Upon Receipt,"SVCS_Supply Pro, Inc.","SVCS_Supply Pro, Inc.",https://portal.pws.bz/,Supplemental Invoice - September 2020,,,10/5/20,VZW SCHG-FEE,1,21.1653255,21.1653255,Private network: 2020/09/01 - 2020/09/30,VZW_742071985_DIA--Verizon DIA,41104
26384385-937545:Voltus,C-1291,10/12/20,10/14/20,10/14/20,Due Upon Receipt,SVCS_Voltus,SVCS_Voltus,https://portal.pws.bz/,Supplemental Invoice - September 2020,,,10/5/20,VZW 20 MB MRC,80.912,3.25,262.964,Private network: 2020/09/01 - 2020/09/30,VZW_742071985_DIA--Verizon DIA,41102
26384385-937545:Voltus,C-1291,10/12/20,10/14/20,10/14/20,Due Upon Receipt,SVCS_Voltus,SVCS_Voltus,https://portal.pws.bz/,Supplemental Invoice - September 2020,,,10/5/20,VZW 1 MB DATA-OVG,964,0.05,48.2,Private network: 2020/09/01 - 2020/09/30,VZW_742071985_DIA--Verizon DIA,41103
26384385-937545:Voltus,C-1291,10/12/20,10/14/20,10/14/20,Due Upon Receipt,SVCS_Voltus,SVCS_Voltus,https://portal.pws.bz/,Supplemental Invoice - September 2020,,,10/5/20,VZW SCHG-FEE,1,34.81888793,34.81888793,Private network: 2020/09/01 - 2020/09/30,VZW_742071985_DIA--Verizon DIA,41104
66040419-684411:BCycle,C-0129,10/12/20,10/14/20,10/14/20,Due Upon Receipt,SVCS_Bcycle,SVCS_Bcycle,https://portal.pws.bz/,Supplemental Invoice - September 2020,,,10/5/20,VZW 100 MB MRC,55.647,5,278.235,Private network: 2020/09/01 - 2020/09/30,VZW_742071985_DIA--Verizon DIA,41102
66040419-684411:BCycle,C-0129,10/12/20,10/14/20,10/14/20,Due Upon Receipt,SVCS_Bcycle,SVCS_Bcycle,https://portal.pws.bz/,Supplemental Invoice - September 2020,,,10/5/20,VZW SCHG-FEE,1,31.1344965,31.1344965,Private network: 2020/09/01 - 2020/09/30,VZW_742071985_DIA--Verizon DIA,41104
66040419-684411:BCycle,C-0129,10/12/20,10/14/20,10/14/20,Due Upon Receipt,SVCS_Bcycle,SVCS_Bcycle,https://portal.pws.bz/,Supplemental Invoice - September 2020,,,10/5/20,VZW 0 Bytes MRC,96.696,3,290.088,Private network: 2020/09/01 - 2020/09/30,VZW_742071985_DIA--Verizon DIA,41102
66040419-684411:BCycle,C-0129,10/12/20,10/14/20,10/14/20,Due Upon Receipt,SVCS_Bcycle,SVCS_Bcycle,https://portal.pws.bz/,Supplemental Invoice - September 2020,,,10/5/20,VZW 1 MB DATA-OVG,254,0.02,5.08,Private network: 2020/09/01 - 2020/09/30,VZW_742071985_DIA--Verizon DIA,41103
66040419-684411:BCycle,C-0129,10/12/20,10/14/20,10/14/20,Due Upon Receipt,SVCS_Bcycle,SVCS_Bcycle,https://portal.pws.bz/,Supplemental Invoice - September 2020,,,10/5/20,VZW SCHG-FEE,1,33.0292992,33.0292992,Private network: 2020/09/01 - 2020/09/30,VZW_742071985_DIA--Verizon DIA,41104
40679474-239802:CaptiveAire,C-0195,10/12/20,10/14/20,10/14/20,Due Upon Receipt,SVCS_CaptiveAire Systems,SVCS_CaptiveAire Systems,https://portal.pws.bz/,Supplemental Invoice - September 2020,,,10/5/20,VZW 100 MB MRC,208.551,8,1668.408,Private network: 2020/09/01 - 2020/09/30,VZW_742071985_DIA--Verizon DIA,41102
40679474-239802:CaptiveAire,C-0195,10/12/20,10/14/20,10/14/20,Due Upon Receipt,SVCS_CaptiveAire Systems,SVCS_CaptiveAire Systems,https://portal.pws.bz/,Supplemental Invoice - September 2020,,,10/5/20,VZW 1 GB DATA-OVG,199,12,2388,Private network: 2020/09/01 - 2020/09/30,VZW_742071985_DIA--Verizon DIA,41103
40679474-239802:CaptiveAire,C-0195,10/12/20,10/14/20,10/14/20,Due Upon Receipt,SVCS_CaptiveAire Systems,SVCS_CaptiveAire Systems,https://portal.pws.bz/,Supplemental Invoice - September 2020,,,10/5/20,VZW SMS,57,0.25,14.25,Private network: 2020/09/01 - 2020/09/30,VZW_742071985_DIA--Verizon DIA,41106
40679474-239802:CaptiveAire,C-0195,10/12/20,10/14/20,10/14/20,Due Upon Receipt,SVCS_CaptiveAire Systems,SVCS_CaptiveAire Systems,https://portal.pws.bz/,Supplemental Invoice - September 2020,,,10/5/20,VZW SCHG-FEE,1,453.91116,453.91116,Private network: 2020/09/01 - 2020/09/30,VZW_742071985_DIA--Verizon DIA,41104
15815284-841258:Postmates,C-0899,10/12/20,10/14/20,10/14/20,Due Upon Receipt,SVCS_Postmates,SVCS_Postmates,https://portal.pws.bz/,Supplemental Invoice - September 2020,,,10/5/20,VZW 0 Bytes MRC,364,3,1092,Private network: 2020/09/01 - 2020/09/30,VZW_645_778_PN--Verizon Private,41102
15815284-841258:Postmates,C-0899,10/12/20,10/14/20,10/14/20,Due Upon Receipt,SVCS_Postmates,SVCS_Postmates,https://portal.pws.bz/,Supplemental Invoice - September 2020,,,10/5/20,VZW 1 MB DATA-OVG,16440,0.01,164.4,Private network: 2020/09/01 - 2020/09/30,VZW_645_778_PN--Verizon Private,41103
15815284-841258:Postmates,C-0899,10/12/20,10/14/20,10/14/20,Due Upon Receipt,SVCS_Postmates,SVCS_Postmates,https://portal.pws.bz/,Supplemental Invoice - September 2020,,,10/5/20,VZW SCHG-FEE,1,140.59116,140.59116,Private network: 2020/09/01 - 2020/09/30,VZW_645_778_PN--Verizon Private,41104
26670943-366806:Starship Technologies,C-1099,10/12/20,10/14/20,10/14/20,Due Upon Receipt,SVCS_Starship Technologies,SVCS_Starship Technologies,https://portal.pws.bz/,Supplemental Invoice - September 2020,,,10/5/20,VZW 5 GB MRC,47.161,42,1980.762,Public Network: 2020/09/01 - 2020/09/30,VZW_742006538_PUB--Verizon Public,41102
26670943-366806:Starship Technologies,C-1099,10/12/20,10/14/20,10/14/20,Due Upon Receipt,SVCS_Starship Technologies,SVCS_Starship Technologies,https://portal.pws.bz/,Supplemental Invoice - September 2020,,,10/5/20,VZW SCHG-FEE,1,8.441819,8.441819,Public Network: 2020/09/01 - 2020/09/30,VZW_742006538_PUB--Verizon Public,41104
89765540-126031:Parcel Pending,C-0861,10/12/20,10/14/20,10/14/20,Due Upon Receipt,SVCS_Parcel Pending,SVCS_Parcel Pending,https://portal.pws.bz/,Supplemental Invoice - September 2020,,,10/5/20,VZW 1 GB MRC,171.7,22,3777.4,Private network: 2020/09/01 - 2020/09/30,VZW_742071985_DIA--Verizon DIA,41102
89765540-126031:Parcel Pending,C-0861,10/12/20,10/14/20,10/14/20,Due Upon Receipt,SVCS_Parcel Pending,SVCS_Parcel Pending,https://portal.pws.bz/,Supplemental Invoice - September 2020,,,10/5/20,VZW SMS,2,0.25,0.5,Private network: 2020/09/01 - 2020/09/30,VZW_742071985_DIA--Verizon DIA,41106
89765540-126031:Parcel Pending,C-0861,10/12/20,10/14/20,10/14/20,Due Upon Receipt,SVCS_Parcel Pending,SVCS_Parcel Pending,https://portal.pws.bz/,Supplemental Invoice - September 2020,,,10/5/20,VZW SCHG-FEE,1,422.69106,422.69106,Private network: 2020/09/01 - 2020/09/30,VZW_742071985_DIA--Verizon DIA,41104
44673270-206896:Greenlots,C-0532,10/12/20,10/14/20,10/14/20,Due Upon Receipt,SVCS_Greenlots,SVCS_Greenlots,https://portal.pws.bz/,Supplemental Invoice - September 2020,,,10/5/20,VZW 200 MB MRC,244.549,8.5,2078.6665,Public Network: 2020/09/01 - 2020/09/30,VZW_742006538_PUB--Verizon Public,41102
44673270-206896:Greenlots,C-0532,10/12/20,10/14/20,10/14/20,Due Upon Receipt,SVCS_Greenlots,SVCS_Greenlots,https://portal.pws.bz/,Supplemental Invoice - September 2020,,,10/5/20,VZW 1 MB DATA-OVG,9515,0.02,190.3,Public Network: 2020/09/01 - 2020/09/30,VZW_742006538_PUB--Verizon Public,41103
44673270-206896:Greenlots,C-0532,10/12/20,10/14/20,10/14/20,Due Upon Receipt,SVCS_Greenlots,SVCS_Greenlots,https://portal.pws.bz/,Supplemental Invoice - September 2020,,,10/5/20,VZW SCHG-FEE,1,43.774271,43.774271,Public Network: 2020/09/01 - 2020/09/30,VZW_742006538_PUB--Verizon Public,41104
44673270-206896:Greenlots,C-0532,10/12/20,10/14/20,10/14/20,Due Upon Receipt,SVCS_Greenlots,SVCS_Greenlots,https://portal.pws.bz/,Supplemental Invoice - September 2020,,,10/5/20,VZW 20 GB MRC,5,130,650,Public Network: 2020/09/01 - 2020/09/30,VZW_742006538_PUB--Verizon Public,41102
44673270-206896:Greenlots,C-0532,10/12/20,10/14/20,10/14/20,Due Upon Receipt,SVCS_Greenlots,SVCS_Greenlots,https://portal.pws.bz/,Supplemental Invoice - September 2020,,,10/5/20,VZW SCHG-FEE,1,0.895,0.895,Public Network: 2020/09/01 - 2020/09/30,VZW_742006538_PUB--Verizon Public,41104
44673270-206896:Greenlots,C-0532,10/12/20,10/14/20,10/14/20,Due Upon Receipt,SVCS_Greenlots,SVCS_Greenlots,https://portal.pws.bz/,Supplemental Invoice - September 2020,,,10/5/20,VZW 300 MB MRC,12.501,8.5,106.2585,Private network: 2020/09/01 - 2020/09/30,VZW_742071985_DIA--Verizon DIA,41102
44673270-206896:Greenlots,C-0532,10/12/20,10/14/20,10/14/20,Due Upon Receipt,SVCS_Greenlots,SVCS_Greenlots,https://portal.pws.bz/,Supplemental Invoice - September 2020,,,10/5/20,VZW SCHG-FEE,1,11.889375,11.889375,Private network: 2020/09/01 - 2020/09/30,VZW_742071985_DIA--Verizon DIA,41104
44673270-206896:Greenlots,C-0532,10/12/20,10/14/20,10/14/20,Due Upon Receipt,SVCS_Greenlots,SVCS_Greenlots,https://portal.pws.bz/,Supplemental Invoice - September 2020,,,10/5/20,TMO 200 MB MRC,117.941,8.5,1002.4985,Private network: 2020/09/01 - 2020/09/30,TMO_BAN0001_PN--T-Mobile Private,41102
44673270-206896:Greenlots,C-0532,10/12/20,10/14/20,10/14/20,Due Upon Receipt,SVCS_Greenlots,SVCS_Greenlots,https://portal.pws.bz/,Supplemental Invoice - September 2020,,,10/5/20,TMO SCHG-FEE,1,1.90474715,1.90474715,Private network: 2020/09/01 - 2020/09/30,TMO_BAN0001_PN--T-Mobile Private,41104
71905685-857963:ENGIE SERVICES U.S. INC. (Opterra),C-0841,10/12/20,10/14/20,10/14/20,Due Upon Receipt,SVCS_Opterra Energy Services,SVCS_Opterra Energy Services,https://portal.pws.bz/,Supplemental Invoice - September 2020,PO#16661,,10/5/20,VZW 0 Bytes MRC,100,2.25,225,Private network: 2020/09/01 - 2020/09/30,VZW_645_778_PN--Verizon Private,41102
71905685-857963:ENGIE SERVICES U.S. INC. (Opterra),C-0841,10/12/20,10/14/20,10/14/20,Due Upon Receipt,SVCS_Opterra Energy Services,SVCS_Opterra Energy Services,https://portal.pws.bz/,Supplemental Invoice - September 2020,PO#16661,,10/5/20,VZW 1 MB DATA-OVG,208,0.015,3.12,Private network: 2020/09/01 - 2020/09/30,VZW_645_778_PN--Verizon Private,41103
71905685-857963:ENGIE SERVICES U.S. INC. (Opterra),C-0841,10/12/20,10/14/20,10/14/20,Due Upon Receipt,SVCS_Opterra Energy Services,SVCS_Opterra Energy Services,https://portal.pws.bz/,Supplemental Invoice - September 2020,PO#16661,,10/5/20,VZW SCHG-FEE,1,25.526628,25.526628,Private network: 2020/09/01 - 2020/09/30,VZW_645_778_PN--Verizon Private,41104
22207320-867038:Daintree Networks Inc,C-0311,10/12/20,10/14/20,10/14/20,Due Upon Receipt,SVCS_DaintreeNetworks,SVCS_DaintreeNetworks,https://portal.pws.bz/,Supplemental Invoice - September 2020,,,10/5/20,VZW 500 MB MRC,104.785,8,838.28,Private network: 2020/09/01 - 2020/09/30,VZW_645_778_PN--Verizon Private,41102
22207320-867038:Daintree Networks Inc,C-0311,10/12/20,10/14/20,10/14/20,Due Upon Receipt,SVCS_DaintreeNetworks,SVCS_DaintreeNetworks,https://portal.pws.bz/,Supplemental Invoice - September 2020,,,10/5/20,VZW SCHG-FEE,1,1.5927472,1.5927472,Private network: 2020/09/01 - 2020/09/30,VZW_645_778_PN--Verizon Private,41104
97141316-560718:DFUZION,C-0335,10/12/20,10/14/20,10/14/20,Due Upon Receipt,"SVCS_dFuzion, Inc","SVCS_dFuzion, Inc",https://portal.pws.bz/,Supplemental Invoice - September 2020,,,10/5/20,VZW 5 GB MRC,7.962,44,350.328,Public Network: 2020/09/01 - 2020/09/30,VZW_742006538_PUB--Verizon Public,41102
97141316-560718:DFUZION,C-0335,10/12/20,10/14/20,10/14/20,Due Upon Receipt,"SVCS_dFuzion, Inc","SVCS_dFuzion, Inc",https://portal.pws.bz/,Supplemental Invoice - September 2020,,,10/5/20,VZW SCHG-FEE,1,1.425198,1.425198,Public Network: 2020/09/01 - 2020/09/30,VZW_742006538_PUB--Verizon Public,41104
73977787-764445:DMG (BofA),C-0343,10/12/20,10/14/20,10/14/20,Due Upon Receipt,SVCS_Diversified Media Group,SVCS_Diversified Media Group,https://portal.pws.bz/,Supplemental Invoice - September 2020,DMG BOFA/PRIMARY,,10/5/20,VZW 1 GB MRC,108.334,16.5,1787.511,Public Network: 2020/09/01 - 2020/09/30,VZW_742006538_PUB--Verizon Public,41102
73977787-764445:DMG (BofA),C-0343,10/12/20,10/14/20,10/14/20,Due Upon Receipt,SVCS_Diversified Media Group,SVCS_Diversified Media Group,https://portal.pws.bz/,Supplemental Invoice - September 2020,DMG BOFA/PRIMARY,,10/5/20,VZW 1 MB DATA-OVG,161129,0.0088064,1418.966426,Public Network: 2020/09/01 - 2020/09/30,VZW_742006538_PUB--Verizon Public,41103
73977787-764445:DMG (BofA),C-0343,10/12/20,10/14/20,10/14/20,Due Upon Receipt,SVCS_Diversified Media Group,SVCS_Diversified Media Group,https://portal.pws.bz/,Supplemental Invoice - September 2020,DMG BOFA/PRIMARY,,10/5/20,VZW SMS,240,0.25,60,Public Network: 2020/09/01 - 2020/09/30,VZW_742006538_PUB--Verizon Public,41106
73977787-764445:DMG (BofA),C-0343,10/12/20,10/14/20,10/14/20,Due Upon Receipt,SVCS_Diversified Media Group,SVCS_Diversified Media Group,https://portal.pws.bz/,Supplemental Invoice - September 2020,DMG BOFA/PRIMARY,,10/5/20,VZW SCHG-FEE,1,19.391786,19.391786,Public Network: 2020/09/01 - 2020/09/30,VZW_742006538_PUB--Verizon Public,41104
23067613-689599:GATEWAY GLOBAL,C-0493,10/12/20,10/14/20,10/14/20,Due Upon Receipt,SVCS_Gateway Global,SVCS_Gateway Global,https://portal.pws.bz/,Supplemental Invoice - September 2020,,,10/5/20,VZW 10 GB MRC,12.87,80,1029.6,Public Network: 2020/09/01 - 2020/09/30,VZW_742006538_PUB--Verizon Public,41102
23067613-689599:GATEWAY GLOBAL,C-0493,10/12/20,10/14/20,10/14/20,Due Upon Receipt,SVCS_Gateway Global,SVCS_Gateway Global,https://portal.pws.bz/,Supplemental Invoice - September 2020,,,10/5/20,VZW SCHG-FEE,1,2.30373,2.30373,Public Network: 2020/09/01 - 2020/09/30,VZW_742006538_PUB--Verizon Public,41104
"85472499-895697:Intellectual Technology, Inc (ITI)",C-0618,10/12/20,10/14/20,10/14/20,Due Upon Receipt,"SVCS_Intellectual Technology, Inc.","SVCS_Intellectual Technology, Inc.",https://portal.pws.bz/,Supplemental Invoice - September 2020,,,10/5/20,VZW 5 GB MRC,4.061,45,182.745,Private network: 2020/09/01 - 2020/09/30,VZW_645_778_PN--Verizon Private,41102
"85472499-895697:Intellectual Technology, Inc (ITI)",C-0618,10/12/20,10/14/20,10/14/20,Due Upon Receipt,"SVCS_Intellectual Technology, Inc.","SVCS_Intellectual Technology, Inc.",https://portal.pws.bz/,Supplemental Invoice - September 2020,,,10/5/20,VZW SCHG-FEE,1,0.3472155,0.3472155,Private network: 2020/09/01 - 2020/09/30,VZW_645_778_PN--Verizon Private,41104
93189816-711389:MATRIX NETWORKS,C-0744,10/12/20,10/14/20,10/14/20,Due Upon Receipt,SVCS_Matrix Networks,SVCS_Matrix Networks,https://portal.pws.bz/,Supplemental Invoice - September 2020,,,10/5/20,VZW 5 GB MRC,8.94,42.5,379.95,Public Network: 2020/09/01 - 2020/09/30,VZW_742006538_PUB--Verizon Public,41102
93189816-711389:MATRIX NETWORKS,C-0744,10/12/20,10/14/20,10/14/20,Due Upon Receipt,SVCS_Matrix Networks,SVCS_Matrix Networks,https://portal.pws.bz/,Supplemental Invoice - September 2020,,,10/5/20,VZW 1 MB DATA-OVG,124560,0.009728,1211.71968,Public Network: 2020/09/01 - 2020/09/30,VZW_742006538_PUB--Verizon Public,41103
93189816-711389:MATRIX NETWORKS,C-0744,10/12/20,10/14/20,10/14/20,Due Upon Receipt,SVCS_Matrix Networks,SVCS_Matrix Networks,https://portal.pws.bz/,Supplemental Invoice - September 2020,,,10/5/20,VZW SMS,1,0.25,0.25,Public Network: 2020/09/01 - 2020/09/30,VZW_742006538_PUB--Verizon Public,41106
93189816-711389:MATRIX NETWORKS,C-0744,10/12/20,10/14/20,10/14/20,Due Upon Receipt,SVCS_Matrix Networks,SVCS_Matrix Networks,https://portal.pws.bz/,Supplemental Invoice - September 2020,,,10/5/20,VZW SCHG-FEE,1,1.60026,1.60026,Public Network: 2020/09/01 - 2020/09/30,VZW_742006538_PUB--Verizon Public,41104
91698704-405385:SYNCROMATICS,C-1144,10/12/20,10/14/20,10/14/20,Due Upon Receipt,SVCS_Syncromatics,SVCS_Syncromatics,https://portal.pws.bz/,Supplemental Invoice - September 2020,,,10/5/20,VZW 150 MB MRC,199,9,1791,Public Network: 2020/09/01 - 2020/09/30,VZW_742006538_PUB--Verizon Public,41102
91698704-405385:SYNCROMATICS,C-1144,10/12/20,10/14/20,10/14/20,Due Upon Receipt,SVCS_Syncromatics,SVCS_Syncromatics,https://portal.pws.bz/,Supplemental Invoice - September 2020,,,10/5/20,VZW SMS,11,0.25,2.75,Public Network: 2020/09/01 - 2020/09/30,VZW_742006538_PUB--Verizon Public,41106
91698704-405385:SYNCROMATICS,C-1144,10/12/20,10/14/20,10/14/20,Due Upon Receipt,SVCS_Syncromatics,SVCS_Syncromatics,https://portal.pws.bz/,Supplemental Invoice - September 2020,,,10/5/20,VZW SCHG-FEE,1,35.621,35.621,Public Network: 2020/09/01 - 2020/09/30,VZW_742006538_PUB--Verizon Public,41104
33270376-952355:Zoom Systems (Swyftstore),C-1350,10/12/20,10/14/20,10/14/20,Due Upon Receipt,SVCS_Zoom Systems,SVCS_Zoom Systems,https://portal.pws.bz/,Supplemental Invoice - September 2020,,,10/5/20,VZW 2 GB MRC,7,24,168,Private network: 2020/09/01 - 2020/09/30,VZW_742071985_DIA--Verizon DIA,41102
33270376-952355:Zoom Systems (Swyftstore),C-1350,10/12/20,10/14/20,10/14/20,Due Upon Receipt,SVCS_Zoom Systems,SVCS_Zoom Systems,https://portal.pws.bz/,Supplemental Invoice - September 2020,,,10/5/20,VZW 1 GB DATA-OVG,189,10,1890,Private network: 2020/09/01 - 2020/09/30,VZW_742071985_DIA--Verizon DIA,41103
33270376-952355:Zoom Systems (Swyftstore),C-1350,10/12/20,10/14/20,10/14/20,Due Upon Receipt,SVCS_Zoom Systems,SVCS_Zoom Systems,https://portal.pws.bz/,Supplemental Invoice - September 2020,,,10/5/20,VZW SCHG-FEE,1,230.2902,230.2902,Private network: 2020/09/01 - 2020/09/30,VZW_742071985_DIA--Verizon DIA,41104
23623565-703881:Locus Energy (Also Energy),C-0722,10/12/20,10/14/20,10/14/20,Due Upon Receipt,"SVCS_Locus Energy, LLC","SVCS_Locus Energy, LLC",https://portal.pws.bz/,Supplemental Invoice - September 2020,,,10/5/20,VZW 1 MB MRC,2567.465,0.6,1540.479,Private network: 2020/09/01 - 2020/09/30,VZW_645_778_PN--Verizon Private,41102
23623565-703881:Locus Energy (Also Energy),C-0722,10/12/20,10/14/20,10/14/20,Due Upon Receipt,"SVCS_Locus Energy, LLC","SVCS_Locus Energy, LLC",https://portal.pws.bz/,Supplemental Invoice - September 2020,,,10/5/20,VZW SCHG-FEE,0,172.3796001,172.3796001,Private network: 2020/09/01 - 2020/09/30,VZW_645_778_PN--Verizon Private,41104
11345200-921823:SCITON,C-1003,10/12/20,10/14/20,10/14/20,Due Upon Receipt,SVCS_Sciton,SVCS_Sciton,https://portal.pws.bz/,Supplemental Invoice - September 2020,,,10/5/20,VZW 0 Bytes MRC,158.967,2.5,397.4175,Private network: 2020/09/01 - 2020/09/30,VZW_742071985_DIA--Verizon DIA,41102
11345200-921823:SCITON,C-1003,10/12/20,10/14/20,10/14/20,Due Upon Receipt,SVCS_Sciton,SVCS_Sciton,https://portal.pws.bz/,Supplemental Invoice - September 2020,,,10/5/20,VZW 1 MB DATA-OVG,768,0.015,11.52,Private network: 2020/09/01 - 2020/09/30,VZW_742071985_DIA--Verizon DIA,41103
11345200-921823:SCITON,C-1003,10/12/20,10/14/20,10/14/20,Due Upon Receipt,SVCS_Sciton,SVCS_Sciton,https://portal.pws.bz/,Supplemental Invoice - September 2020,,,10/5/20,VZW SCHG-FEE,1,45.76010625,45.76010625,Private network: 2020/09/01 - 2020/09/30,VZW_742071985_DIA--Verizon DIA,41104
74276946-581653:Software Motor Company (SMC),C-1066,10/12/20,10/14/20,10/14/20,Due Upon Receipt,SVCS_Software Motor Corp. M2M,SVCS_Software Motor Corp. M2M,https://portal.pws.bz/,Supplemental Invoice - September 2020,,,10/5/20,VZW 250 MB MRC,522,12,6264,Public Network: 2020/09/01 - 2020/09/30,VZW_742006538_PUB--Verizon Public,41102
74276946-581653:Software Motor Company (SMC),C-1066,10/12/20,10/14/20,10/14/20,Due Upon Receipt,SVCS_Software Motor Corp. M2M,SVCS_Software Motor Corp. M2M,https://portal.pws.bz/,Supplemental Invoice - September 2020,,,10/5/20,VZW SMS,19,0.2,3.8,Public Network: 2020/09/01 - 2020/09/30,VZW_742006538_PUB--Verizon Public,41106
74276946-581653:Software Motor Company (SMC),C-1066,10/12/20,10/14/20,10/14/20,Due Upon Receipt,SVCS_Software Motor Corp. M2M,SVCS_Software Motor Corp. M2M,https://portal.pws.bz/,Supplemental Invoice - September 2020,,,10/5/20,VZW SCHG-FEE,1,93.438,93.438,Public Network: 2020/09/01 - 2020/09/30,VZW_742006538_PUB--Verizon Public,41104
69875252-304083:San Antonio Bike Share,C-0990,10/12/20,10/14/20,10/14/20,Due Upon Receipt,SVCS_San Antonio Bike Share,SVCS_San Antonio Bike Share,https://portal.pws.bz/,Supplemental Invoice - September 2020,,,10/5/20,VZW 750 MB MRC,15,15,225,Private network: 2020/09/01 - 2020/09/30,VZW_742071985_DIA--Verizon DIA,41102
69875252-304083:San Antonio Bike Share,C-0990,10/12/20,10/14/20,10/14/20,Due Upon Receipt,SVCS_San Antonio Bike Share,SVCS_San Antonio Bike Share,https://portal.pws.bz/,Supplemental Invoice - September 2020,,,10/5/20,VZW SCHG-FEE,1,23.5275,23.5275,Private network: 2020/09/01 - 2020/09/30,VZW_742071985_DIA--Verizon DIA,41104
58279899-414625:Advantage Controls,C-0030,10/12/20,10/14/20,10/14/20,Due Upon Receipt,SVCS_Advantage Controls,SVCS_Advantage Controls,https://portal.pws.bz/,Supplemental Invoice - September 2020,,,10/5/20,VZW 250 MB MRC,121.991,8,975.928,Public Network: 2020/09/01 - 2020/09/30,VZW_742006538_PUB--Verizon Public,41102
58279899-414625:Advantage Controls,C-0030,10/12/20,10/14/20,10/14/20,Due Upon Receipt,SVCS_Advantage Controls,SVCS_Advantage Controls,https://portal.pws.bz/,Supplemental Invoice - September 2020,,,10/5/20,VZW 1 MB DATA-OVG,-20211,0.012,-242.532,Public Network: 2020/09/01 - 2020/09/30,VZW_742006538_PUB--Verizon Public,41103
58279899-414625:Advantage Controls,C-0030,10/12/20,10/14/20,10/14/20,Due Upon Receipt,SVCS_Advantage Controls,SVCS_Advantage Controls,https://portal.pws.bz/,Supplemental Invoice - September 2020,,,10/5/20,VZW SCHG-FEE,1,21.836389,21.836389,Public Network: 2020/09/01 - 2020/09/30,VZW_742006538_PUB--Verizon Public,41104
45873580-134293:iRhythm Technologies,C-0629,10/12/20,10/14/20,10/14/20,Due Upon Receipt,SVCS_iRHYTHM,SVCS_iRHYTHM,https://portal.pws.bz/,Supplemental Invoice - September 2020,,,10/5/20,VZW 0 Bytes MRC,7822,2.2,17208.4,Private network: 2020/09/01 - 2020/09/30,VZW_742071985_DIA--Verizon DIA,41102
45873580-134293:iRhythm Technologies,C-0629,10/12/20,10/14/20,10/14/20,Due Upon Receipt,SVCS_iRHYTHM,SVCS_iRHYTHM,https://portal.pws.bz/,Supplemental Invoice - September 2020,,,10/5/20,VZW 1 MB DATA-OVG,20074,0.03,602.22,Private network: 2020/09/01 - 2020/09/30,VZW_742071985_DIA--Verizon DIA,41103
45873580-134293:iRhythm Technologies,C-0629,10/12/20,10/14/20,10/14/20,Due Upon Receipt,SVCS_iRHYTHM,SVCS_iRHYTHM,https://portal.pws.bz/,Supplemental Invoice - September 2020,,,10/5/20,VZW SCHG-FEE,1,1993.008378,1993.008378,Private network: 2020/09/01 - 2020/09/30,VZW_742071985_DIA--Verizon DIA,41104
95311272-556859:UGSI (PSI Water Tech),C-1229,10/12/20,10/14/20,10/14/20,Due Upon Receipt,"SVCS_UGSI Solutions, Inc.","SVCS_UGSI Solutions, Inc.",https://portal.pws.bz/,Supplemental Invoice - September 2020,,,10/5/20,VZW 1 GB MRC,12.011,20,240.22,Public Network: 2020/09/01 - 2020/09/30,VZW_742006538_PUB--Verizon Public,41102
95311272-556859:UGSI (PSI Water Tech),C-1229,10/12/20,10/14/20,10/14/20,Due Upon Receipt,"SVCS_UGSI Solutions, Inc.","SVCS_UGSI Solutions, Inc.",https://portal.pws.bz/,Supplemental Invoice - September 2020,,,10/5/20,VZW SCHG-FEE,1,2.149969,2.149969,Public Network: 2020/09/01 - 2020/09/30,VZW_742006538_PUB--Verizon Public,41104
47462536-114634:Postmates X,C-1599,10/12/20,10/14/20,10/14/20,Due Upon Receipt,SVCS_Postmates Inc. (X),SVCS_Postmates Inc. (X),https://portal.pws.bz/,Supplemental Invoice - September 2020,,,10/5/20,VZW 20 GB MRC,1.245,125,155.625,Public Network: 2020/09/01 - 2020/09/30,VZW_742006538_PUB--Verizon Public,41102
47462536-114634:Postmates X,C-1599,10/12/20,10/14/20,10/14/20,Due Upon Receipt,SVCS_Postmates Inc. (X),SVCS_Postmates Inc. (X),https://portal.pws.bz/,Supplemental Invoice - September 2020,,,10/5/20,VZW SCHG-FEE,1,0.222855,0.222855,Public Network: 2020/09/01 - 2020/09/30,VZW_742006538_PUB--Verizon Public,41104
50296523-108488:Augmedix,C-1642,10/12/20,10/14/20,10/14/20,Due Upon Receipt,SVCS_Augmedix,SVCS_Augmedix,https://portal.pws.bz/,Supplemental Invoice - September 2020,,,10/5/20,VZW 10 GB MRC,33,80,2640,Private network: 2020/09/01 - 2020/09/30,VZW_742071985_DIA--Verizon DIA,41102
50296523-108488:Augmedix,C-1642,10/12/20,10/14/20,10/14/20,Due Upon Receipt,SVCS_Augmedix,SVCS_Augmedix,https://portal.pws.bz/,Supplemental Invoice - September 2020,,,10/5/20,VZW SCHG-FEE,1,295.416,295.416,Private network: 2020/09/01 - 2020/09/30,VZW_742071985_DIA--Verizon DIA,41104
73164534-123051:KNIGHTSCOPE,C-0685,10/12/20,10/14/20,10/14/20,Due Upon Receipt,SVCS_KnightScope,SVCS_KnightScope,https://portal.pws.bz/,Supplemental Invoice - September 2020,,,10/5/20,VZW 50 GB MRC,1.812,275,498.3,Public Network: 2020/09/01 - 2020/09/30,VZW_742006538_PUB--Verizon Public,41102
73164534-123051:KNIGHTSCOPE,C-0685,10/12/20,10/14/20,10/14/20,Due Upon Receipt,SVCS_KnightScope,SVCS_KnightScope,https://portal.pws.bz/,Supplemental Invoice - September 2020,,,10/5/20,VZW SCHG-FEE,1,0.324348,0.324348,Public Network: 2020/09/01 - 2020/09/30,VZW_742006538_PUB--Verizon Public,41104
43134026-102811:Alaris,C-1783,10/12/20,10/14/20,10/14/20,Due Upon Receipt,SVCS_Alaris,SVCS_Alaris,https://portal.pws.bz/,Supplemental Invoice - September 2020,,,10/5/20,VZW 500 MB MRC,20.538,12,246.456,Private network: 2020/09/01 - 2020/09/30,VZW_742071985_DIA--Verizon DIA,41102
43134026-102811:Alaris,C-1783,10/12/20,10/14/20,10/14/20,Due Upon Receipt,SVCS_Alaris,SVCS_Alaris,https://portal.pws.bz/,Supplemental Invoice - September 2020,,,10/5/20,VZW SCHG-FEE,1,27.5784264,27.5784264,Private network: 2020/09/01 - 2020/09/30,VZW_742071985_DIA--Verizon DIA,41104
18273156-840096:AgriPower Solar,C-1804,10/12/20,10/14/20,10/14/20,Due Upon Receipt,SVCS_AgriPower Solar,SVCS_AgriPower Solar,https://portal.pws.bz/,Supplemental Invoice - September 2020,,,10/5/20,VZW 50 MB MRC,14.308,4,57.232,Private network: 2020/09/01 - 2020/09/30,VZW_742071985_DIA--Verizon DIA,41102
18273156-840096:AgriPower Solar,C-1804,10/12/20,10/14/20,10/14/20,Due Upon Receipt,SVCS_AgriPower Solar,SVCS_AgriPower Solar,https://portal.pws.bz/,Supplemental Invoice - September 2020,,,10/5/20,VZW SCHG-FEE,1,6.4042608,6.4042608,Private network: 2020/09/01 - 2020/09/30,VZW_742071985_DIA--Verizon DIA,41104
18591377-662533:SwiftMile,C-1983,10/12/20,10/14/20,10/14/20,Due Upon Receipt,SVCS_SwiftMile,SVCS_SwiftMile,https://portal.pws.bz/,Supplemental Invoice - September 2020,,,10/5/20,VZW 10 MB MRC,4,4,16,Private network: 2020/09/01 - 2020/09/30,VZW_645_778_PN--Verizon Private,41102
18591377-662533:SwiftMile,C-1983,10/12/20,10/14/20,10/14/20,Due Upon Receipt,SVCS_SwiftMile,SVCS_SwiftMile,https://portal.pws.bz/,Supplemental Invoice - September 2020,,,10/5/20,VZW SCHG-FEE,1,1.7904,1.7904,Private network: 2020/09/01 - 2020/09/30,VZW_645_778_PN--Verizon Private,41104
18591377-662533:SwiftMile,C-1983,10/12/20,10/14/20,10/14/20,Due Upon Receipt,SVCS_SwiftMile,SVCS_SwiftMile,https://portal.pws.bz/,Supplemental Invoice - September 2020,,,10/5/20,VZW 250 MB MRC,0.705,10,7.05,Public Network: 2020/09/01 - 2020/09/30,VZW_742006538_PUB--Verizon Public,41102
18591377-662533:SwiftMile,C-1983,10/12/20,10/14/20,10/14/20,Due Upon Receipt,SVCS_SwiftMile,SVCS_SwiftMile,https://portal.pws.bz/,Supplemental Invoice - September 2020,,,10/5/20,VZW 1 MB DATA-OVG,897,0.5,448.5,Public Network: 2020/09/01 - 2020/09/30,VZW_742006538_PUB--Verizon Public,41103
18591377-662533:SwiftMile,C-1983,10/12/20,10/14/20,10/14/20,Due Upon Receipt,SVCS_SwiftMile,SVCS_SwiftMile,https://portal.pws.bz/,Supplemental Invoice - September 2020,,,10/5/20,VZW SCHG-FEE,1,0.126195,0.126195,Public Network: 2020/09/01 - 2020/09/30,VZW_742006538_PUB--Verizon Public,41104
47931576-307155:Monterey Mechanical,C-1920,10/12/20,10/14/20,10/14/20,Due Upon Receipt,SVCS_Monterey Mechanical,SVCS_Monterey Mechanical,https://portal.pws.bz/,Supplemental Invoice - September 2020,,,10/5/20,VZW 60 GB MRC,1,360,360,Private network: 2020/09/01 - 2020/09/30,VZW_742071985_DIA--Verizon DIA,41102
47931576-307155:Monterey Mechanical,C-1920,10/12/20,10/14/20,10/14/20,Due Upon Receipt,SVCS_Monterey Mechanical,SVCS_Monterey Mechanical,https://portal.pws.bz/,Supplemental Invoice - September 2020,,,10/5/20,VZW 1 GB DATA-OVG,8,6,48,Private network: 2020/09/01 - 2020/09/30,VZW_742071985_DIA--Verizon DIA,41103
47931576-307155:Monterey Mechanical,C-1920,10/12/20,10/14/20,10/14/20,Due Upon Receipt,SVCS_Monterey Mechanical,SVCS_Monterey Mechanical,https://portal.pws.bz/,Supplemental Invoice - September 2020,,,10/5/20,VZW SCHG-FEE,1,45.6552,45.6552,Private network: 2020/09/01 - 2020/09/30,VZW_742071985_DIA--Verizon DIA,41104
39333472-650787:Hornblower Group,C-1978,10/12/20,10/14/20,10/14/20,Due Upon Receipt,SVCS_Hornblower,SVCS_Hornblower,https://portal.pws.bz/,Supplemental Invoice - September 2020,,,10/5/20,VZW 100 GB MRC,7.417,600,4450.2,Public Network: 2020/09/01 - 2020/09/30,VZW_742006538_PUB--Verizon Public,41102
39333472-650787:Hornblower Group,C-1978,10/12/20,10/14/20,10/14/20,Due Upon Receipt,SVCS_Hornblower,SVCS_Hornblower,https://portal.pws.bz/,Supplemental Invoice - September 2020,,,10/5/20,VZW SCHG-FEE,1,5.444643,1.327643,Public Network: 2020/09/01 - 2020/09/30,VZW_742006538_PUB--Verizon Public,41104
39333472-650787:Hornblower Group,C-1978,10/12/20,10/14/20,10/14/20,Due Upon Receipt,SVCS_Hornblower,SVCS_Hornblower,https://portal.pws.bz/,Supplemental Invoice - September 2020,,,10/5/20,VZW 500 MB MRC,6,10,60,Private network: 2020/09/01 - 2020/09/30,VZW_742071985_DIA--Verizon DIA,41102
39333472-650787:Hornblower Group,C-1978,10/12/20,10/14/20,10/14/20,Due Upon Receipt,SVCS_Hornblower,SVCS_Hornblower,https://portal.pws.bz/,Supplemental Invoice - September 2020,,,10/5/20,VZW SCHG-FEE,1,6.714,6.714,Private network: 2020/09/01 - 2020/09/30,VZW_742071985_DIA--Verizon DIA,41104
14774551-720675:Microspace Communications - Merged,C-0769,10/12/20,10/14/20,10/14/20,Due Upon Receipt,SVCS_Microspace,SVCS_Microspace,https://portal.pws.bz/,Supplemental Invoice - September 2020,,,10/5/20,VZW 0 Bytes MRC,36,3,108,Public Network: 2020/09/01 - 2020/09/30,VZW_742006538_PUB--Verizon Public,41102
14774551-720675:Microspace Communications - Merged,C-0769,10/12/20,10/14/20,10/14/20,Due Upon Receipt,SVCS_Microspace,SVCS_Microspace,https://portal.pws.bz/,Supplemental Invoice - September 2020,,,10/5/20,VZW 1 GB DATA-OVG,17,8,136,Public Network: 2020/09/01 - 2020/09/30,VZW_742006538_PUB--Verizon Public,41103
14774551-720675:Microspace Communications - Merged,C-0769,10/12/20,10/14/20,10/14/20,Due Upon Receipt,SVCS_Microspace,SVCS_Microspace,https://portal.pws.bz/,Supplemental Invoice - September 2020,,,10/5/20,VZW SCHG-FEE,1,6.444,6.444,Public Network: 2020/09/01 - 2020/09/30,VZW_742006538_PUB--Verizon Public,41104
41311373-354821:ECAM Secure,C-2220,10/12/20,10/14/20,10/14/20,Due Upon Receipt,SVCS_ECAM Secure,SVCS_ECAM Secure,https://portal.pws.bz/,Supplemental Invoice - September 2020,,,10/5/20,VZW 10 GB MRC,3,60,180,Public Network: 2020/09/01 - 2020/09/30,VZW_742006538_PUB--Verizon Public,41102
41311373-354821:ECAM Secure,C-2220,10/12/20,10/14/20,10/14/20,Due Upon Receipt,SVCS_ECAM Secure,SVCS_ECAM Secure,https://portal.pws.bz/,Supplemental Invoice - September 2020,,,10/5/20,VZW 1 GB DATA-OVG,-2,6,-12,Public Network: 2020/09/01 - 2020/09/30,VZW_742006538_PUB--Verizon Public,41103
41311373-354821:ECAM Secure,C-2220,10/12/20,10/14/20,10/14/20,Due Upon Receipt,SVCS_ECAM Secure,SVCS_ECAM Secure,https://portal.pws.bz/,Supplemental Invoice - September 2020,,,10/5/20,VZW SCHG-FEE,1,0.537,0.537,Public Network: 2020/09/01 - 2020/09/30,VZW_742006538_PUB--Verizon Public,41104
51858633-811017:ThinkSign,C-2069,10/12/20,10/14/20,10/14/20,Due Upon Receipt,SVCS_ThinkSign,SVCS_ThinkSign,https://portal.pws.bz/,Supplemental Invoice - September 2020,,,10/5/20,VZW 500 MB MRC,40.53,12,486.36,Public Network: 2020/09/01 - 2020/09/30,VZW_742006538_PUB--Verizon Public,41102
51858633-811017:ThinkSign,C-2069,10/12/20,10/14/20,10/14/20,Due Upon Receipt,SVCS_ThinkSign,SVCS_ThinkSign,https://portal.pws.bz/,Supplemental Invoice - September 2020,,,10/5/20,VZW 1 MB DATA-OVG,-14702,0.015,-220.53,Public Network: 2020/09/01 - 2020/09/30,VZW_742006538_PUB--Verizon Public,41103
51858633-811017:ThinkSign,C-2069,10/12/20,10/14/20,10/14/20,Due Upon Receipt,SVCS_ThinkSign,SVCS_ThinkSign,https://portal.pws.bz/,Supplemental Invoice - September 2020,,,10/5/20,VZW SMS,10,0.25,2.5,Public Network: 2020/09/01 - 2020/09/30,VZW_742006538_PUB--Verizon Public,41106
51858633-811017:ThinkSign,C-2069,10/12/20,10/14/20,10/14/20,Due Upon Receipt,SVCS_ThinkSign,SVCS_ThinkSign,https://portal.pws.bz/,Supplemental Invoice - September 2020,,,10/5/20,VZW SCHG-FEE,1,7.25487,7.25487,Public Network: 2020/09/01 - 2020/09/30,VZW_742006538_PUB--Verizon Public,41104
51858633-811017:ThinkSign,C-2069,10/12/20,10/14/20,10/14/20,Due Upon Receipt,SVCS_ThinkSign,SVCS_ThinkSign,https://portal.pws.bz/,Supplemental Invoice - September 2020,,,10/5/20,VZW 0 Bytes MRC,7,3,21,Public Network: 2020/09/01 - 2020/09/30,VZW_742006538_PUB--Verizon Public,41102
51858633-811017:ThinkSign,C-2069,10/12/20,10/14/20,10/14/20,Due Upon Receipt,SVCS_ThinkSign,SVCS_ThinkSign,https://portal.pws.bz/,Supplemental Invoice - September 2020,,,10/5/20,VZW 1 MB DATA-OVG,1572,0.02,31.44,Public Network: 2020/09/01 - 2020/09/30,VZW_742006538_PUB--Verizon Public,41103
51858633-811017:ThinkSign,C-2069,10/12/20,10/14/20,10/14/20,Due Upon Receipt,SVCS_ThinkSign,SVCS_ThinkSign,https://portal.pws.bz/,Supplemental Invoice - September 2020,,,10/5/20,VZW SCHG-FEE,1,1.253,1.253,Public Network: 2020/09/01 - 2020/09/30,VZW_742006538_PUB--Verizon Public,41104
"17050468-179171:Kodiak Robotics, Inc.",C-2159,10/12/20,10/14/20,10/14/20,Due Upon Receipt,SVCS_Kodiak Inc,SVCS_Kodiak Inc,https://portal.pws.bz/,Supplemental Invoice - September 2020,,,10/5/20,VZW 20 GB MRC,3,125,375,Private network: 2020/09/01 - 2020/09/30,VZW_645_778_PN--Verizon Private,41102
"17050468-179171:Kodiak Robotics, Inc.",C-2159,10/12/20,10/14/20,10/14/20,Due Upon Receipt,SVCS_Kodiak Inc,SVCS_Kodiak Inc,https://portal.pws.bz/,Supplemental Invoice - September 2020,,,10/5/20,VZW SCHG-FEE,1,41.9625,41.9625,Private network: 2020/09/01 - 2020/09/30,VZW_645_778_PN--Verizon Private,41104
"59345440-804682:Modus Systems, LLC",C-2158,10/12/20,10/14/20,10/14/20,Due Upon Receipt,"SVCS_Modus Systems, LLC","SVCS_Modus Systems, LLC",https://portal.pws.bz/,Supplemental Invoice - September 2020,,,10/5/20,VZW 250 MB MRC,78,7,546,Public Network: 2020/09/01 - 2020/09/30,VZW_742006538_PUB--Verizon Public,41102
"59345440-804682:Modus Systems, LLC",C-2158,10/12/20,10/14/20,10/14/20,Due Upon Receipt,"SVCS_Modus Systems, LLC","SVCS_Modus Systems, LLC",https://portal.pws.bz/,Supplemental Invoice - September 2020,,,10/5/20,VZW 1 GB DATA-OVG,1,12,12,Public Network: 2020/09/01 - 2020/09/30,VZW_742006538_PUB--Verizon Public,41103
"59345440-804682:Modus Systems, LLC",C-2158,10/12/20,10/14/20,10/14/20,Due Upon Receipt,"SVCS_Modus Systems, LLC","SVCS_Modus Systems, LLC",https://portal.pws.bz/,Supplemental Invoice - September 2020,,,10/5/20,VZW SCHG-FEE,1,13.962,13.962,Public Network: 2020/09/01 - 2020/09/30,VZW_742006538_PUB--Verizon Public,41104
91808807-684340:Ranch Systems,C-2176,10/12/20,10/14/20,10/14/20,Due Upon Receipt,SVCS_Ranch Systems Inc,SVCS_Ranch Systems Inc,https://portal.pws.bz/,Supplemental Invoice - September 2020,,,10/5/20,VZW 5 MB MRC,159.549,2,319.098,Public Network: 2020/09/01 - 2020/09/30,VZW_742006538_PUB--Verizon Public,41102
91808807-684340:Ranch Systems,C-2176,10/12/20,10/14/20,10/14/20,Due Upon Receipt,SVCS_Ranch Systems Inc,SVCS_Ranch Systems Inc,https://portal.pws.bz/,Supplemental Invoice - September 2020,,,10/5/20,VZW SMS,337,0.25,84.25,Public Network: 2020/09/01 - 2020/09/30,VZW_742006538_PUB--Verizon Public,41106
91808807-684340:Ranch Systems,C-2176,10/12/20,10/14/20,10/14/20,Due Upon Receipt,SVCS_Ranch Systems Inc,SVCS_Ranch Systems Inc,https://portal.pws.bz/,Supplemental Invoice - September 2020,,,10/5/20,VZW SCHG-FEE,1,28.559271,28.559271,Public Network: 2020/09/01 - 2020/09/30,VZW_742006538_PUB--Verizon Public,41104
91808807-684340:Ranch Systems,C-2176,10/12/20,10/14/20,10/14/20,Due Upon Receipt,SVCS_Ranch Systems Inc,SVCS_Ranch Systems Inc,https://portal.pws.bz/,Supplemental Invoice - September 2020,,,10/5/20,VZW 50 GB MRC,2,300,600,Public Network: 2020/09/01 - 2020/09/30,VZW_742006538_PUB--Verizon Public,41102
91808807-684340:Ranch Systems,C-2176,10/12/20,10/14/20,10/14/20,Due Upon Receipt,SVCS_Ranch Systems Inc,SVCS_Ranch Systems Inc,https://portal.pws.bz/,Supplemental Invoice - September 2020,,,10/5/20,VZW SCHG-FEE,1,0.358,0.358,Public Network: 2020/09/01 - 2020/09/30,VZW_742006538_PUB--Verizon Public,41104
52544143-194102:Embark Trucks,C-2209,10/12/20,10/14/20,10/14/20,Due Upon Receipt,SVCS_Embark Trucks,SVCS_Embark Trucks,https://portal.pws.bz/,Supplemental Invoice - September 2020,,,10/5/20,VZW 1 GB MRC,5,15,75,Private network: 2020/09/01 - 2020/09/30,VZW_645_778_PN--Verizon Private,41102
52544143-194102:Embark Trucks,C-2209,10/12/20,10/14/20,10/14/20,Due Upon Receipt,SVCS_Embark Trucks,SVCS_Embark Trucks,https://portal.pws.bz/,Supplemental Invoice - September 2020,,,10/5/20,VZW 1 GB DATA-OVG,95,12,1140,Private network: 2020/09/01 - 2020/09/30,VZW_645_778_PN--Verizon Private,41103
52544143-194102:Embark Trucks,C-2209,10/12/20,10/14/20,10/14/20,Due Upon Receipt,SVCS_Embark Trucks,SVCS_Embark Trucks,https://portal.pws.bz/,Supplemental Invoice - September 2020,,,10/5/20,VZW SCHG-FEE,1,4.8894,4.8894,Private network: 2020/09/01 - 2020/09/30,VZW_645_778_PN--Verizon Private,41104
52544143-194102:Embark Trucks,C-2209,10/12/20,10/14/20,10/14/20,Due Upon Receipt,SVCS_Embark Trucks,SVCS_Embark Trucks,https://portal.pws.bz/,Supplemental Invoice - September 2020,,,10/5/20,VZW 25 GB MRC,13,175,2275,Public Network: 2020/09/01 - 2020/09/30,VZW_742006538_PUB--Verizon Public,41102
52544143-194102:Embark Trucks,C-2209,10/12/20,10/14/20,10/14/20,Due Upon Receipt,SVCS_Embark Trucks,SVCS_Embark Trucks,https://portal.pws.bz/,Supplemental Invoice - September 2020,,,10/5/20,VZW 1 GB DATA-OVG,-86,7,-602,Public Network: 2020/09/01 - 2020/09/30,VZW_742006538_PUB--Verizon Public,41103
52544143-194102:Embark Trucks,C-2209,10/12/20,10/14/20,10/14/20,Due Upon Receipt,SVCS_Embark Trucks,SVCS_Embark Trucks,https://portal.pws.bz/,Supplemental Invoice - September 2020,,,10/5/20,VZW SCHG-FEE,1,2.327,2.327,Public Network: 2020/09/01 - 2020/09/30,VZW_742006538_PUB--Verizon Public,41104
52068981-261073:Motiv PowerSystems,C-2224,10/12/20,10/14/20,10/14/20,Due Upon Receipt,SVCS_Motiv Power Systems,SVCS_Motiv Power Systems,https://portal.pws.bz/,Supplemental Invoice - September 2020,,,10/5/20,VZW 15 GB MRC,5.205,90,468.45,Public Network: 2020/09/01 - 2020/09/30,VZW_742006538_PUB--Verizon Public,41102
52068981-261073:Motiv PowerSystems,C-2224,10/12/20,10/14/20,10/14/20,Due Upon Receipt,SVCS_Motiv Power Systems,SVCS_Motiv Power Systems,https://portal.pws.bz/,Supplemental Invoice - September 2020,,,10/5/20,VZW SCHG-FEE,1,0.931695,0.931695,Public Network: 2020/09/01 - 2020/09/30,VZW_742006538_PUB--Verizon Public,41104
12333475-619433:Carbon Health,C-2239,10/12/20,10/14/20,10/14/20,Due Upon Receipt,SVCS_Carbon Health,SVCS_Carbon Health,https://portal.pws.bz/,Supplemental Invoice - September 2020,,,10/5/20,VZW 100 GB MRC,5,600,3000,Public Network: 2020/09/01 - 2020/09/30,VZW_742006538_PUB--Verizon Public,41102
12333475-619433:Carbon Health,C-2239,10/12/20,10/14/20,10/14/20,Due Upon Receipt,SVCS_Carbon Health,SVCS_Carbon Health,https://portal.pws.bz/,Supplemental Invoice - September 2020,,,10/5/20,VZW 1 GB DATA-OVG,391,6,2346,Public Network: 2020/09/01 - 2020/09/30,VZW_742006538_PUB--Verizon Public,41103
12333475-619433:Carbon Health,C-2239,10/12/20,10/14/20,10/14/20,Due Upon Receipt,SVCS_Carbon Health,SVCS_Carbon Health,https://portal.pws.bz/,Supplemental Invoice - September 2020,,,10/5/20,VZW SCHG-FEE,1,0.895,0.895,Public Network: 2020/09/01 - 2020/09/30,VZW_742006538_PUB--Verizon Public,41104
12333475-619433:Carbon Health,C-2239,10/12/20,10/14/20,10/14/20,Due Upon Receipt,SVCS_Carbon Health,SVCS_Carbon Health,https://portal.pws.bz/,Supplemental Invoice - September 2020,,,10/5/20,VZW 50 GB MRC,30.557,300,9167.1,Public Network: 2020/09/01 - 2020/09/30,VZW_742006538_PUB--Verizon Public,41102
12333475-619433:Carbon Health,C-2239,10/12/20,10/14/20,10/14/20,Due Upon Receipt,SVCS_Carbon Health,SVCS_Carbon Health,https://portal.pws.bz/,Supplemental Invoice - September 2020,,,10/5/20,VZW SCHG-FEE,1,5.469703,5.469703,Public Network: 2020/09/01 - 2020/09/30,VZW_742006538_PUB--Verizon Public,41104
44098072-521527:Capital Technology Solutions (CTS),C-2267,10/12/20,10/14/20,10/14/20,Due Upon Receipt,SVCS_Capital Technology Solutions,SVCS_Capital Technology Solutions,https://portal.pws.bz/,Supplemental Invoice - September 2020,,,10/5/20,VZW 500 MB MRC,37.214,10,372.14,Public Network: 2020/09/01 - 2020/09/30,VZW_742006538_PUB--Verizon Public,41102
44098072-521527:Capital Technology Solutions (CTS),C-2267,10/12/20,10/14/20,10/14/20,Due Upon Receipt,SVCS_Capital Technology Solutions,SVCS_Capital Technology Solutions,https://portal.pws.bz/,Supplemental Invoice - September 2020,,,10/5/20,VZW SCHG-FEE,1,6.661306,6.661306,Public Network: 2020/09/01 - 2020/09/30,VZW_742006538_PUB--Verizon Public,41104
75134833-159074:TripShot,C-2269,10/12/20,10/14/20,10/14/20,Due Upon Receipt,SVCS_TripShot,SVCS_TripShot,https://portal.pws.bz/,Supplemental Invoice - September 2020,,,10/5/20,VZW 3 GB MRC,346.29,28,9696.12,Public Network: 2020/09/01 - 2020/09/30,VZW_742006538_PUB--Verizon Public,41102
75134833-159074:TripShot,C-2269,10/12/20,10/14/20,10/14/20,Due Upon Receipt,SVCS_TripShot,SVCS_TripShot,https://portal.pws.bz/,Supplemental Invoice - September 2020,,,10/5/20,VZW SCHG-FEE,1,61.98591,61.98591,Public Network: 2020/09/01 - 2020/09/30,VZW_742006538_PUB--Verizon Public,41104
82383662-549010:Micro Design Inc,C-1549,10/12/20,10/14/20,10/14/20,Due Upon Receipt,SVCS_Micro Design Inc,SVCS_Micro Design Inc,https://portal.pws.bz/,Supplemental Invoice - September 2020,,,10/5/20,VZW 1 MB MRC,331,1.25,413.75,Public Network: 2020/09/01 - 2020/09/30,VZW_742006538_PUB--Verizon Public,41102
82383662-549010:Micro Design Inc,C-1549,10/12/20,10/14/20,10/14/20,Due Upon Receipt,SVCS_Micro Design Inc,SVCS_Micro Design Inc,https://portal.pws.bz/,Supplemental Invoice - September 2020,,,10/5/20,VZW SCHG-FEE,1,59.249,59.249,Public Network: 2020/09/01 - 2020/09/30,VZW_742006538_PUB--Verizon Public,41104
"28569008-345943:Chowbotics, Inc.",C-2347,10/12/20,10/14/20,10/14/20,Due Upon Receipt,SVCS_Chowbotics Inc,SVCS_Chowbotics Inc,https://portal.pws.bz/,Supplemental Invoice - September 2020,,,10/5/20,VZW 1 GB MRC,72.178,15,1082.67,Public Network: 2020/09/01 - 2020/09/30,VZW_742006538_PUB--Verizon Public,41102
"28569008-345943:Chowbotics, Inc.",C-2347,10/12/20,10/14/20,10/14/20,Due Upon Receipt,SVCS_Chowbotics Inc,SVCS_Chowbotics Inc,https://portal.pws.bz/,Supplemental Invoice - September 2020,,,10/5/20,VZW SCHG-FEE,1,12.919862,12.919862,Public Network: 2020/09/01 - 2020/09/30,VZW_742006538_PUB--Verizon Public,41104
18022875-582319:Ozone International,C-2384,10/12/20,10/14/20,10/14/20,Due Upon Receipt,SVCS_Ozone International,SVCS_Ozone International,https://portal.pws.bz/,Supplemental Invoice - September 2020,,,10/5/20,VZW 250 MB MRC,31.008,12,372.096,Public Network: 2020/09/01 - 2020/09/30,VZW_742006538_PUB--Verizon Public,41102
18022875-582319:Ozone International,C-2384,10/12/20,10/14/20,10/14/20,Due Upon Receipt,SVCS_Ozone International,SVCS_Ozone International,https://portal.pws.bz/,Supplemental Invoice - September 2020,,,10/5/20,VZW 1 MB DATA-OVG,11482,0.012,137.784,Public Network: 2020/09/01 - 2020/09/30,VZW_742006538_PUB--Verizon Public,41103
18022875-582319:Ozone International,C-2384,10/12/20,10/14/20,10/14/20,Due Upon Receipt,SVCS_Ozone International,SVCS_Ozone International,https://portal.pws.bz/,Supplemental Invoice - September 2020,,,10/5/20,VZW SCHG-FEE,1,5.550432,5.550432,Public Network: 2020/09/01 - 2020/09/30,VZW_742006538_PUB--Verizon Public,41104
83628757-471026:Ghost Zero INC dba Lord Danger,C-2400,10/12/20,10/14/20,10/14/20,Due Upon Receipt,SVCS_Ghost Zero Inc dba Lord Danger,SVCS_Ghost Zero Inc dba Lord Danger,https://portal.pws.bz/,Supplemental Invoice - September 2020,,,10/5/20,VZW 10 GB MRC,19,70,1330,Public Network: 2020/09/01 - 2020/09/30,VZW_742006538_PUB--Verizon Public,41102
83628757-471026:Ghost Zero INC dba Lord Danger,C-2400,10/12/20,10/14/20,10/14/20,Due Upon Receipt,SVCS_Ghost Zero Inc dba Lord Danger,SVCS_Ghost Zero Inc dba Lord Danger,https://portal.pws.bz/,Supplemental Invoice - September 2020,,,10/5/20,VZW SCHG-FEE,1,3.401,3.401,Public Network: 2020/09/01 - 2020/09/30,VZW_742006538_PUB--Verizon Public,41104
48729751-880239:Riivet,C-2402,10/12/20,10/14/20,10/14/20,Due Upon Receipt,SVCS_Riivet,SVCS_Riivet,https://portal.pws.bz/,Supplemental Invoice - September 2020,,,10/5/20,VZW 20 GB MRC,19,120,2280,Public Network: 2020/09/01 - 2020/09/30,VZW_742006538_PUB--Verizon Public,41102
48729751-880239:Riivet,C-2402,10/12/20,10/14/20,10/14/20,Due Upon Receipt,SVCS_Riivet,SVCS_Riivet,https://portal.pws.bz/,Supplemental Invoice - September 2020,,,10/5/20,VZW SCHG-FEE,1,3.401,3.401,Public Network: 2020/09/01 - 2020/09/30,VZW_742006538_PUB--Verizon Public,41104
"67202604-843737:Dallas Zoo Management , Inc.",C-2403,10/12/20,10/14/20,10/14/20,Due Upon Receipt,SVCS_Dallas Zoo Management,SVCS_Dallas Zoo Management,https://portal.pws.bz/,Supplemental Invoice - September 2020,,,10/5/20,VZW 1 GB MRC,1,18,18,Private network: 2020/09/01 - 2020/09/30,VZW_742071985_DIA--Verizon DIA,41102
"67202604-843737:Dallas Zoo Management , Inc.",C-2403,10/12/20,10/14/20,10/14/20,Due Upon Receipt,SVCS_Dallas Zoo Management,SVCS_Dallas Zoo Management,https://portal.pws.bz/,Supplemental Invoice - September 2020,,,10/5/20,VZW 1 GB DATA-OVG,6,12,72,Private network: 2020/09/01 - 2020/09/30,VZW_742071985_DIA--Verizon DIA,41103
"67202604-843737:Dallas Zoo Management , Inc.",C-2403,10/12/20,10/14/20,10/14/20,Due Upon Receipt,SVCS_Dallas Zoo Management,SVCS_Dallas Zoo Management,https://portal.pws.bz/,Supplemental Invoice - September 2020,,,10/5/20,VZW SCHG-FEE,1,10.071,10.071,Private network: 2020/09/01 - 2020/09/30,VZW_742071985_DIA--Verizon DIA,41104
"32989994-210882:M. O. Dion & Sons, Inc.",C-2399,10/12/20,10/14/20,10/14/20,Due Upon Receipt,SVCS_M O Dion & Sons Inc,SVCS_M O Dion & Sons Inc,https://portal.pws.bz/,Supplemental Invoice - September 2020,,,10/5/20,VZW 10 GB MRC,3,75,225,Public Network: 2020/09/01 - 2020/09/30,VZW_742006538_PUB--Verizon Public,41102
"32989994-210882:M. O. Dion & Sons, Inc.",C-2399,10/12/20,10/14/20,10/14/20,Due Upon Receipt,SVCS_M O Dion & Sons Inc,SVCS_M O Dion & Sons Inc,https://portal.pws.bz/,Supplemental Invoice - September 2020,,,10/5/20,VZW 1 GB DATA-OVG,15,12,180,Public Network: 2020/09/01 - 2020/09/30,VZW_742006538_PUB--Verizon Public,41103
"32989994-210882:M. O. Dion & Sons, Inc.",C-2399,10/12/20,10/14/20,10/14/20,Due Upon Receipt,SVCS_M O Dion & Sons Inc,SVCS_M O Dion & Sons Inc,https://portal.pws.bz/,Supplemental Invoice - September 2020,,,10/5/20,VZW SCHG-FEE,1,0.537,0.537,Public Network: 2020/09/01 - 2020/09/30,VZW_742006538_PUB--Verizon Public,41104
88124576-830088:One Medical,C-2382,10/12/20,10/14/20,10/14/20,Due Upon Receipt,SVCS_One Medical,SVCS_One Medical,https://portal.pws.bz/,Supplemental Invoice - September 2020,,,10/5/20,VZW 4 GB MRC,33,35,1155,Public Network: 2020/09/01 - 2020/09/30,VZW_742006538_PUB--Verizon Public,41102
88124576-830088:One Medical,C-2382,10/12/20,10/14/20,10/14/20,Due Upon Receipt,SVCS_One Medical,SVCS_One Medical,https://portal.pws.bz/,Supplemental Invoice - September 2020,,,10/5/20,VZW 1 GB DATA-OVG,487,12,5844,Public Network: 2020/09/01 - 2020/09/30,VZW_742006538_PUB--Verizon Public,41103
88124576-830088:One Medical,C-2382,10/12/20,10/14/20,10/14/20,Due Upon Receipt,SVCS_One Medical,SVCS_One Medical,https://portal.pws.bz/,Supplemental Invoice - September 2020,,,10/5/20,VZW SCHG-FEE,1,5.907,5.907,Public Network: 2020/09/01 - 2020/09/30,VZW_742006538_PUB--Verizon Public,41104
"13910484-825295:Elite Interactive Solutions, LLC",C-0387,10/12/20,10/14/20,10/14/20,Due Upon Receipt,SVCS_Elite Interactive Solutions LLC,SVCS_Elite Interactive Solutions LLC,https://portal.pws.bz/,Supplemental Invoice - September 2020,,,10/5/20,VZW 30 GB MRC,14.226,180,2560.68,Public Network: 2020/09/01 - 2020/09/30,VZW_742006538_PUB--Verizon Public,41102
"13910484-825295:Elite Interactive Solutions, LLC",C-0387,10/12/20,10/14/20,10/14/20,Due Upon Receipt,SVCS_Elite Interactive Solutions LLC,SVCS_Elite Interactive Solutions LLC,https://portal.pws.bz/,Supplemental Invoice - September 2020,,,10/5/20,VZW SMS,131,0.25,32.75,Public Network: 2020/09/01 - 2020/09/30,VZW_742006538_PUB--Verizon Public,41106
"13910484-825295:Elite Interactive Solutions, LLC",C-0387,10/12/20,10/14/20,10/14/20,Due Upon Receipt,SVCS_Elite Interactive Solutions LLC,SVCS_Elite Interactive Solutions LLC,https://portal.pws.bz/,Supplemental Invoice - September 2020,,,10/5/20,VZW SCHG-FEE,1,2.546454,2.546454,Public Network: 2020/09/01 - 2020/09/30,VZW_742006538_PUB--Verizon Public,41104
28282838-717717:Pelican Advisors LLC,C-2419,10/12/20,10/14/20,10/14/20,Due Upon Receipt,SVCS_Pelican Advisors LLC,SVCS_Pelican Advisors LLC,https://portal.pws.bz/,Supplemental Invoice - September 2020,,,10/5/20,VZW 50 GB MRC,7.452,300,2235.6,Public Network: 2020/09/01 - 2020/09/30,VZW_742006538_PUB--Verizon Public,41102
28282838-717717:Pelican Advisors LLC,C-2419,10/12/20,10/14/20,10/14/20,Due Upon Receipt,SVCS_Pelican Advisors LLC,SVCS_Pelican Advisors LLC,https://portal.pws.bz/,Supplemental Invoice - September 2020,,,10/5/20,VZW 1 GB DATA-OVG,72,6,432,Public Network: 2020/09/01 - 2020/09/30,VZW_742006538_PUB--Verizon Public,41103
28282838-717717:Pelican Advisors LLC,C-2419,10/12/20,10/14/20,10/14/20,Due Upon Receipt,SVCS_Pelican Advisors LLC,SVCS_Pelican Advisors LLC,https://portal.pws.bz/,Supplemental Invoice - September 2020,,,10/5/20,VZW SCHG-FEE,1,1.333908,1.333908,Public Network: 2020/09/01 - 2020/09/30,VZW_742006538_PUB--Verizon Public,41104
79883992-257240:XL Construction,C-2423,10/12/20,10/14/20,10/14/20,Due Upon Receipt,SVCS_XL Construction,SVCS_XL Construction,https://portal.pws.bz/,Supplemental Invoice - September 2020,,,10/5/20,VZW 100 GB MRC,3,600,1800,Public Network: 2020/09/01 - 2020/09/30,VZW_742006538_PUB--Verizon Public,41102
79883992-257240:XL Construction,C-2423,10/12/20,10/14/20,10/14/20,Due Upon Receipt,SVCS_XL Construction,SVCS_XL Construction,https://portal.pws.bz/,Supplemental Invoice - September 2020,,,10/5/20,VZW SCHG-FEE,1,0.537,0.537,Public Network: 2020/09/01 - 2020/09/30,VZW_742006538_PUB--Verizon Public,41104
46155548-235089:Okta,C-2435,10/12/20,10/14/20,10/14/20,Due Upon Receipt,SVCS_Okta,SVCS_Okta,https://portal.pws.bz/,Supplemental Invoice - September 2020,,,10/5/20,VZW 20 GB MRC,1,138,138,Public Network: 2020/09/01 - 2020/09/30,VZW_742006538_PUB--Verizon Public,41102
46155548-235089:Okta,C-2435,10/12/20,10/14/20,10/14/20,Due Upon Receipt,SVCS_Okta,SVCS_Okta,https://portal.pws.bz/,Supplemental Invoice - September 2020,,,10/5/20,VZW SCHG-FEE,1,0.179,0.179,Public Network: 2020/09/01 - 2020/09/30,VZW_742006538_PUB--Verizon Public,41104
"58283177-201305:Macrotech, Inc.",C-2429,10/12/20,10/14/20,10/14/20,Due Upon Receipt,SVCS_Macrotech Inc,SVCS_Macrotech Inc,https://portal.pws.bz/,Supplemental Invoice - September 2020,,,10/5/20,VZW 1 GB MRC,26,10,260,Public Network: 2020/09/01 - 2020/09/30,VZW_742006538_PUB--Verizon Public,41102
"58283177-201305:Macrotech, Inc.",C-2429,10/12/20,10/14/20,10/14/20,Due Upon Receipt,SVCS_Macrotech Inc,SVCS_Macrotech Inc,https://portal.pws.bz/,Supplemental Invoice - September 2020,,,10/5/20,VZW SCHG-FEE,1,4.654,4.654,Public Network: 2020/09/01 - 2020/09/30,VZW_742006538_PUB--Verizon Public,41104
"58283177-201305:Macrotech, Inc.",C-2429,10/12/20,10/14/20,10/14/20,Due Upon Receipt,SVCS_Macrotech Inc,SVCS_Macrotech Inc,https://portal.pws.bz/,Supplemental Invoice - September 2020,,,10/5/20,VZW 500 MB MRC,9,10,90,Public Network: 2020/09/01 - 2020/09/30,VZW_742006538_PUB--Verizon Public,41102
"58283177-201305:Macrotech, Inc.",C-2429,10/12/20,10/14/20,10/14/20,Due Upon Receipt,SVCS_Macrotech Inc,SVCS_Macrotech Inc,https://portal.pws.bz/,Supplemental Invoice - September 2020,,,10/5/20,VZW SCHG-FEE,1,1.611,1.611,Public Network: 2020/09/01 - 2020/09/30,VZW_742006538_PUB--Verizon Public,41104
"65281359-699424:Sunworks United, Inc.",C-1546,10/12/20,10/14/20,10/14/20,Due Upon Receipt,SVCS_Sunworks United Inc,SVCS_Sunworks United Inc,https://portal.pws.bz/,Supplemental Invoice - September 2020,,,10/5/20,VZW 150 MB MRC,5.637,7,39.459,Private network: 2020/09/01 - 2020/09/30,VZW_645_778_PN--Verizon Private,41102
"65281359-699424:Sunworks United, Inc.",C-1546,10/12/20,10/14/20,10/14/20,Due Upon Receipt,SVCS_Sunworks United Inc,SVCS_Sunworks United Inc,https://portal.pws.bz/,Supplemental Invoice - September 2020,,,10/5/20,VZW 1 MB DATA-OVG,658,0.15,98.7,Private network: 2020/09/01 - 2020/09/30,VZW_645_778_PN--Verizon Private,41103
"65281359-699424:Sunworks United, Inc.",C-1546,10/12/20,10/14/20,10/14/20,Due Upon Receipt,SVCS_Sunworks United Inc,SVCS_Sunworks United Inc,https://portal.pws.bz/,Supplemental Invoice - September 2020,,,10/5/20,VZW SCHG-FEE,1,15.09,15.09,Private network: 2020/09/01 - 2020/09/30,VZW_645_778_PN--Verizon Private,41104
80404894-366636:GREENbike,C-2445,10/12/20,10/14/20,10/14/20,Due Upon Receipt,SVCS-GREENbike,SVCS-GREENbike,https://portal.pws.bz/,Supplemental Invoice - September 2020,,,10/5/20,VZW 750 MB MRC,36.04,12.5,450.5,Public Network: 2020/09/01 - 2020/09/30,VZW_742006538_PUB--Verizon Public,41102
80404894-366636:GREENbike,C-2445,10/12/20,10/14/20,10/14/20,Due Upon Receipt,SVCS-GREENbike,SVCS-GREENbike,https://portal.pws.bz/,Supplemental Invoice - September 2020,,,10/5/20,VZW 1 MB DATA-OVG,939,0.012,11.268,Public Network: 2020/09/01 - 2020/09/30,VZW_742006538_PUB--Verizon Public,41103
80404894-366636:GREENbike,C-2445,10/12/20,10/14/20,10/14/20,Due Upon Receipt,SVCS-GREENbike,SVCS-GREENbike,https://portal.pws.bz/,Supplemental Invoice - September 2020,,,10/5/20,VZW SCHG-FEE,1,6.45116,6.45116,Public Network: 2020/09/01 - 2020/09/30,VZW_742006538_PUB--Verizon Public,41104
51279001-243131:Secured Mobility LLC,C-2465,10/12/20,10/14/20,10/14/20,Due Upon Receipt,SVCS_Secured Mobility LLC,SVCS_Secured Mobility LLC,https://portal.pws.bz/,Supplemental Invoice - September 2020,,,10/5/20,VZW 200 MB MRC,1153,3,3459,Public Network: 2020/09/01 - 2020/09/30,VZW_742006538_PUB--Verizon Public,41102
51279001-243131:Secured Mobility LLC,C-2465,10/12/20,10/14/20,10/14/20,Due Upon Receipt,SVCS_Secured Mobility LLC,SVCS_Secured Mobility LLC,https://portal.pws.bz/,Supplemental Invoice - September 2020,,,10/5/20,VZW SCHG-FEE,1,206.387,206.387,Public Network: 2020/09/01 - 2020/09/30,VZW_742006538_PUB--Verizon Public,41104
"14726564-687348:Formant, Inc.",C-2457,10/12/20,10/14/20,10/14/20,Due Upon Receipt,SVCS_Formant Inc,SVCS_Formant Inc,https://portal.pws.bz/,Supplemental Invoice - September 2020,,,10/5/20,TMO 50 GB MRC,1,375,375,Private network: 2020/09/01 - 2020/09/30,TMO_BAN0001_PN--T-Mobile Private,41102
"14726564-687348:Formant, Inc.",C-2457,10/12/20,10/14/20,10/14/20,Due Upon Receipt,SVCS_Formant Inc,SVCS_Formant Inc,https://portal.pws.bz/,Supplemental Invoice - September 2020,,,10/5/20,TMO SCHG-FEE,1,0.7125,0.7125,Private network: 2020/09/01 - 2020/09/30,TMO_BAN0001_PN--T-Mobile Private,41104
39465298-978263:RFI Enterprises Inc,C-2377,10/12/20,10/14/20,10/14/20,Due Upon Receipt,SVCS_RFI Enterprises,SVCS_RFI Enterprises,https://portal.pws.bz/,Supplemental Invoice - September 2020,,,10/5/20,VZW 10 GB MRC,6,70,420,Public Network: 2020/09/01 - 2020/09/30,VZW_742006538_PUB--Verizon Public,41102
39465298-978263:RFI Enterprises Inc,C-2377,10/12/20,10/14/20,10/14/20,Due Upon Receipt,SVCS_RFI Enterprises,SVCS_RFI Enterprises,https://portal.pws.bz/,Supplemental Invoice - September 2020,,,10/5/20,VZW SCHG-FEE,1,1.074,1.074,Public Network: 2020/09/01 - 2020/09/30,VZW_742006538_PUB--Verizon Public,41104
96738137-147460:KMARTIN INC.,C-2498,10/12/20,10/14/20,10/14/20,Due Upon Receipt,SVCS_KMARTIN INC,SVCS_KMARTIN INC,https://portal.pws.bz/,Supplemental Invoice - September 2020,,,10/5/20,VZW 0 Bytes MRC,72,4,288,Private network: 2020/09/01 - 2020/09/30,VZW_742071985_DIA--Verizon DIA,41102
96738137-147460:KMARTIN INC.,C-2498,10/12/20,10/14/20,10/14/20,Due Upon Receipt,SVCS_KMARTIN INC,SVCS_KMARTIN INC,https://portal.pws.bz/,Supplemental Invoice - September 2020,,,10/5/20,VZW 1 MB DATA-OVG,16132,0.02,322.64,Private network: 2020/09/01 - 2020/09/30,VZW_742071985_DIA--Verizon DIA,41103
96738137-147460:KMARTIN INC.,C-2498,10/12/20,10/14/20,10/14/20,Due Upon Receipt,SVCS_KMARTIN INC,SVCS_KMARTIN INC,https://portal.pws.bz/,Supplemental Invoice - September 2020,,,10/5/20,VZW SCHG-FEE,1,68.330616,68.330616,Private network: 2020/09/01 - 2020/09/30,VZW_742071985_DIA--Verizon DIA,41104
96438744-597258:KKC Industries,C-2525,10/12/20,10/14/20,10/14/20,Due Upon Receipt,SVCS_KKC Industries,SVCS_KKC Industries,https://portal.pws.bz/,Supplemental Invoice - September 2020,,,10/5/20,VZW 50 GB MRC,1,300,300,Public Network: 2020/09/01 - 2020/09/30,VZW_742006538_PUB--Verizon Public,41102
96438744-597258:KKC Industries,C-2525,10/12/20,10/14/20,10/14/20,Due Upon Receipt,SVCS_KKC Industries,SVCS_KKC Industries,https://portal.pws.bz/,Supplemental Invoice - September 2020,,,10/5/20,VZW SCHG-FEE,1,0.179,0.179,Public Network: 2020/09/01 - 2020/09/30,VZW_742006538_PUB--Verizon Public,41104
94105720-789809:Buchanan Investments,C-2527,10/12/20,10/14/20,10/14/20,Due Upon Receipt,SVCS_Buchanan Investments,SVCS_Buchanan Investments,https://portal.pws.bz/,Supplemental Invoice - September 2020,,,10/5/20,VZW 20 GB MRC,1,138,138,Public Network: 2020/09/01 - 2020/09/30,VZW_742006538_PUB--Verizon Public,41102
94105720-789809:Buchanan Investments,C-2527,10/12/20,10/14/20,10/14/20,Due Upon Receipt,SVCS_Buchanan Investments,SVCS_Buchanan Investments,https://portal.pws.bz/,Supplemental Invoice - September 2020,,,10/5/20,VZW SCHG-FEE,1,0.179,0.179,Public Network: 2020/09/01 - 2020/09/30,VZW_742006538_PUB--Verizon Public,41104
"88956396-625188:Infoworks.io, Inc.",C-2573,10/12/20,10/14/20,10/14/20,Due Upon Receipt,SVCS_Infoworks,SVCS_Infoworks,https://portal.pws.bz/,Supplemental Invoice - September 2020,,,10/5/20,VZW 20 GB MRC,0.438,140,61.32,Public Network: 2020/09/01 - 2020/09/30,VZW_742006538_PUB--Verizon Public,41102
"88956396-625188:Infoworks.io, Inc.",C-2573,10/12/20,10/14/20,10/14/20,Due Upon Receipt,SVCS_Infoworks,SVCS_Infoworks,https://portal.pws.bz/,Supplemental Invoice - September 2020,,,10/5/20,VZW 1 GB DATA-OVG,13,12,156,Public Network: 2020/09/01 - 2020/09/30,VZW_742006538_PUB--Verizon Public,41103
"88956396-625188:Infoworks.io, Inc.",C-2573,10/12/20,10/14/20,10/14/20,Due Upon Receipt,SVCS_Infoworks,SVCS_Infoworks,https://portal.pws.bz/,Supplemental Invoice - September 2020,,,10/5/20,VZW SCHG-FEE,1,0.078402,0.078402,Public Network: 2020/09/01 - 2020/09/30,VZW_742006538_PUB--Verizon Public,41104
78189437-950609:SaverGlass,C-2565,10/12/20,10/14/20,10/14/20,Due Upon Receipt,SVCS_SaverGlass,SVCS_SaverGlass,https://portal.pws.bz/,Supplemental Invoice - September 2020,,,10/5/20,VZW 100 GB MRC,0.673,650,437.45,Public Network: 2020/09/01 - 2020/09/30,VZW_742006538_PUB--Verizon Public,41102
78189437-950609:SaverGlass,C-2565,10/12/20,10/14/20,10/14/20,Due Upon Receipt,SVCS_SaverGlass,SVCS_SaverGlass,https://portal.pws.bz/,Supplemental Invoice - September 2020,,,10/5/20,VZW SCHG-FEE,1,0.120467,0.120467,Public Network: 2020/09/01 - 2020/09/30,VZW_742006538_PUB--Verizon Public,41104
"48648265-200201:Rockford Rigging, Inc",C-2571,10/12/20,10/14/20,10/14/20,Due Upon Receipt,SVCS_Rockford Rigging Inc,SVCS_Rockford Rigging Inc,https://portal.pws.bz/,Supplemental Invoice - September 2020,,,10/5/20,VZW 100 GB MRC,2.521,650,1638.65,Public Network: 2020/09/01 - 2020/09/30,VZW_742006538_PUB--Verizon Public,41102
"48648265-200201:Rockford Rigging, Inc",C-2571,10/12/20,10/14/20,10/14/20,Due Upon Receipt,SVCS_Rockford Rigging Inc,SVCS_Rockford Rigging Inc,https://portal.pws.bz/,Supplemental Invoice - September 2020,,,10/5/20,VZW SCHG-FEE,1,0.451259,0.451259,Public Network: 2020/09/01 - 2020/09/30,VZW_742006538_PUB--Verizon Public,41104
36926891-715470:Kinetrex Energy,C-2584,10/12/20,10/14/20,10/14/20,Due Upon Receipt,SVCS_Kinetrex Energy,SVCS_Kinetrex Energy,https://portal.pws.bz/,Supplemental Invoice - September 2020,,,10/5/20,VZW 200 GB MRC,0.478,1200,573.6,Public Network: 2020/09/01 - 2020/09/30,VZW_742006538_PUB--Verizon Public,41102
36926891-715470:Kinetrex Energy,C-2584,10/12/20,10/14/20,10/14/20,Due Upon Receipt,SVCS_Kinetrex Energy,SVCS_Kinetrex Energy,https://portal.pws.bz/,Supplemental Invoice - September 2020,,,10/5/20,VZW SCHG-FEE,1,0.085562,0.085562,Public Network: 2020/09/01 - 2020/09/30,VZW_742006538_PUB--Verizon Public,41104
90626130-793619:agriMeasures,C-0034,10/12/20,10/14/20,10/14/20,Due Upon Receipt,SVCS_AgriMeasures,SVCS_AgriMeasures,https://portal.pws.bz/,Supplemental Invoice - September 2020,,,10/5/20,VZW 10 MB MRC,20,7,140,Private network: 2020/09/01 - 2020/09/30,VZW_742071985_DIA--Verizon DIA,41102
90626130-793619:agriMeasures,C-0034,10/12/20,10/14/20,10/14/20,Due Upon Receipt,SVCS_AgriMeasures,SVCS_AgriMeasures,https://portal.pws.bz/,Supplemental Invoice - September 2020,,,10/5/20,VZW SCHG-FEE,1,15.666,15.666,Private network: 2020/09/01 - 2020/09/30,VZW_742071985_DIA--Verizon DIA,41104
